4'Video,file#
GORP0412,File0
GOPR0406,File1
GOPR0407,File2
GOPR0413,File3
GOPR0388,File4
GOPR0439,File5
GOPR0405,File6
GOPR0411,File7
GOPR0410,File8
GOPR0404,File9
GOPR0438,File10
GOPR0389,File11
GOPR0399,File12
GOPR0400,File13
GOPR0414,File14
GOPR0428,File15
GOPR0429,File16
GOPR0415,File17
GOPR0401,File18
GOPR0498,File19
GOPR0417,File20
GOPR0403,File21
GOPR0402,File22
GOPR0416,File23
GOPR0459,File24
GOPR0471,File25
GOPR0465,File26
GOPR0470,File27
GOPR0458,File28
GOPR0466,File29
GOPR0472,File30
GOPR0473,File31
GOPR0467,File32
GOPR0488,File33
GOPR0476,File34
GOPR0462,File35
GOPR0489,File36
GOPR0474,File37
GOPR0460,File38
GOPR0448,File39
GOPR0461,File40
GOPR0475,File41
GOPR0487,File42
GOPR0450,File43
GOPR0444,File44
GOPR0445,File45
GOPR0451,File46
GOPR0486,File47
GOPR0484,File48
GOPR0490,File49
GOPR0447,File50
GOPR0453,File51
GOPR0452,File52
GOPR0446,File53
GOPR0491,File54
GOPR0485,File55
GOPR0481,File56
GOPR0442,File57
GOPR0456,File58
GOPR0457,File59
GOPR0443,File60
GOPR0480,File61
GOPR0482,File62
GOPR0455,File63
GOPR0441,File64
GOPR0469,File65
GOPR0468,File66
GOPR0440,File67
GOPR0454,File68
GOPR0483,File69
GOPR0396,File70
GOPR0433,File71
GOPR0427,File72
GOPR0426,File73
GOPR0397,File74
GOPR0395,File75
GOPR0418,File76
GOPR0424,File77
GOPR0430,File78
GOPR0431,File79
GOPR0419,File80
GOPR0394,File81
GOPR0390,File82
GOPR0421,File83
GOPR0409,File84
GOPR0408,File85
GOPR0434,File86
GOPR0420,File87
GOPR0391,File88
GOPR0393,File89
GOPR0436,File90
GOPR0422,File91
GOPR0423,File92
GOPR0437,File93
GOPR0392,File94
